date,time,route_id,source,destination,passengers
2026-09-01,08:00,R01,Central,Market,120
2026-09-01,08:15,R01,Central,University,85
2026-09-01,08:30,R02,Market,Railway,150
2026-09-01,09:00,R02,Market,University,110
2026-09-01,10:00,R03,University,Railway,70
2026-09-01,11:00,R03,University,Market,90
2026-09-01,12:00,R01,Central,Market,100
2026-09-01,13:00,R02,Market,Railway,130
2026-09-01,14:00,R03,University,Railway,95
2026-09-01,16:00,R01,Central,University,140
2026-09-01,17:00,R01,Central,Market,180
2026-09-01,17:30,R02,Market,Railway,210
2026-09-01,18:00,R01,Central,Market,250
2026-09-01,18:30,R02,Market,Railway,300
2026-09-01,19:00,R03,University,Railway,220
2026-09-01,19:30,R01,Central,University,190
2026-09-01,20:00,R02,Market,University,160
2026-09-01,21:00,R03,University,Central,100
2026-09-26,12:54,R01,railway,university,100
2026-09-26,12:54,R01,railway,university,100
